{"text": " se eu ficar falando eternamente n\u00e3o \u00e9 para parar o \u00e1udio ent\u00e3o eu vou tentar ficar conversando com o sistema para que fique gerando vibra\u00e7\u00f5es no n\u00edvel de frequ\u00eancia que ele est\u00e1 capturando pelo meu microfone enquanto eu estou falando est\u00e1 funcionando e se eu parar de falar", "segments": [{"id": 0, "seek": 0, "start": 0.0, "end": 4.92, "text": " se eu ficar falando eternamente n\u00e3o \u00e9 para parar o \u00e1udio ent\u00e3o eu vou tentar", "tokens": [50364, 369, 2228, 13646, 21236, 10533, 3439, 2431, 1136, 1690, 37193, 277, 7352, 532, 1004, 9071, 2228, 6008, 33572, 50610], "temperature": 0.0, "avg_logprob": -0.25744239143703296, "compression_ratio": 1.5810055865921788, "no_speech_prob": 0.2789613902568817}, {"id": 1, "seek": 0, "start": 4.92, "end": 11.88, "text": " ficar conversando com o sistema para que fique gerando vibra\u00e7\u00f5es no n\u00edvel de", "tokens": [50610, 13646, 2615, 1806, 395, 277, 13245, 1690, 631, 35497, 5713, 1806, 11666, 424, 8001, 572, 41747, 368, 50958], "temperature": 0.0, "avg_logprob": -0.25744239143703296, "compression_ratio": 1.5810055865921788, "no_speech_prob": 0.2789613902568817}, {"id": 2, "seek": 0, "start": 11.88, "end": 15.48, "text": " frequ\u00eancia que ele est\u00e1 capturando pelo meu microfone enquanto eu estou falando", "tokens": [50958, 4459, 9322, 631, 1118, 3192, 3770, 374, 1806, 12167, 9230, 42763, 546, 31749, 2228, 17660, 21236, 51138], "temperature": 0.0, "avg_logprob": -0.25744239143703296, "compression_ratio": 1.5810055865921788, "no_speech_prob": 0.2789613902568817}, {"id": 3, "seek": 0, "start": 15.48, "end": 20.16, "text": " est\u00e1 funcionando e se eu parar de falar", "tokens": [51138, 3192, 14186, 1806, 308, 369, 2228, 37193, 368, 13536, 51372], "temperature": 0.0, "avg_logprob": -0.25744239143703296, "compression_ratio": 1.5810055865921788, "no_speech_prob": 0.2789613902568817}], "language": "Portuguese"}